{
  "version": "calibrated_n3",
  "n_calibration": 3,
  "split_fraction": 1.0,
  "quantiles": {
    "0.0500": 27.631021115928547,
    "0.1000": 27.631021115928547,
    "0.2000": 27.631021115928547
  }
}